season,start_year,team,team_slug,offensive_efficiency,defensive_efficiency,effective_fg_pct,opp_effective_fg_pct,turnover_rate,opp_turnover_rate,offensive_rebound_rate,free_throw_rate,three_point_rate,pace,source,source_as_of_date,scraped_at_utc
2025-26,2025,Abilene Christian Wildcats,abilene-christian-wildcats,95.5,103.8,47.5,56.5,18.1,20.9,27.6,28.6,32.8,71.1,teamrankings,2026-04-15,2026-03-16T04:05:29.883Z
2025-26,2025,Air Force Falcons,air-force-falcons,89.6,116.3,48.9,56.4,19.8,13.1,19.3,24.1,41.8,68.7,teamrankings,2026-04-15,2026-03-16T04:05:29.883Z
2025-26,2025,Akron Zips,akron-zips,119.2,102.2,58.5,50.6,13.4,15.9,32.7,22.1,45.1,72.9,teamrankings,2026-04-15,2026-03-16T04:05:29.883Z
2025-26,2025,Alabama A&M Bulldogs,alabama-am-bulldogs,103.2,106.8,49.2,52.1,14.5,14.5,25.1,32,34,69.1,teamrankings,2026-04-15,2026-03-16T04:05:29.883Z
2025-26,2025,Alabama Crimson Tide,alabama-crimson-tide,118.8,108.1,55.4,49.3,11.2,10.7,29.3,28,53.7,77.2,teamrankings,2026-04-15,2026-03-16T04:05:29.883Z
2025-26,2025,Alabama State Hornets,alabama-st-hornets,98.1,106.4,47.1,52.2,15.6,16.3,30.2,25.2,38.5,72.9,teamrankings,2026-04-15,2026-03-16T04:05:29.883Z
2025-26,2025,Albany Great Danes,albany-great-danes,101.6,110.2,51.3,53.2,15.9,13.6,29.9,18.8,37.6,67.6,teamrankings,2026-04-15,2026-03-16T04:05:29.883Z
2025-26,2025,Alcorn State Braves,alcorn-st-braves,94,112.6,47.7,55,17.2,15.5,24.8,22.8,33.7,71.2,teamrankings,2026-04-15,2026-03-16T04:05:29.883Z
2025-26,2025,American Eagles,american-eagles,105.8,106.9,51.5,54.4,13.8,16.9,24.8,21.8,46.5,68,teamrankings,2026-04-15,2026-03-16T04:05:29.883Z
2025-26,2025,App State Mountaineers,appalachian-st-mountaineers,104.4,101.6,49.9,47.5,13,12,30.6,28.6,45.9,66.4,teamrankings,2026-04-15,2026-03-16T04:05:29.883Z
2025-26,2025,Arizona State Sun Devils,arizona-state-sun-devils,105.1,107.9,51.1,52.4,14.9,15.8,27.1,28.2,38.4,72.6,teamrankings,2026-04-15,2026-03-16T04:05:29.883Z
2025-26,2025,Arizona Wildcats,arizona-wildcats,117.9,94.1,55.1,45,12.8,14.6,38.1,30.8,26.8,73.1,teamrankings,2026-04-15,2026-03-16T04:05:29.883Z
2025-26,2025,Arkansas Razorbacks,arkansas-razorbacks,119.9,106.8,56.5,51.4,10.7,13.6,30.2,27.6,33.4,75,teamrankings,2026-04-15,2026-03-16T04:05:29.883Z
2025-26,2025,Arkansas State Red Wolves,arkansas-st-red-wolves,109.1,104.2,51.7,50.3,16.6,13.1,37.8,27.6,44.9,74.9,teamrankings,2026-04-15,2026-03-16T04:05:29.883Z
2025-26,2025,Arkansas-Pine Bluff Golden Lions,arkansas-pine-bluff-golden-lions,101.4,112.2,50,52.6,16.5,14.1,25.4,27.2,37.2,73,teamrankings,2026-04-15,2026-03-16T04:05:29.883Z
2025-26,2025,Army Black Knights,army-black-knights,100.7,112.3,49.3,55.1,14.8,13.6,27.2,20.3,53.3,70.3,teamrankings,2026-04-15,2026-03-16T04:05:29.883Z
2025-26,2025,Auburn Tigers,auburn-tigers,115.3,110.7,52.3,53.6,12.3,14.1,35.2,32.3,39.2,71.8,teamrankings,2026-04-15,2026-03-16T04:05:29.883Z
2025-26,2025,Austin Peay Governors,austin-peay-governors,110.5,104.3,53,52.2,13.4,15.6,27.8,27.7,38,71.5,teamrankings,2026-04-15,2026-03-16T04:05:29.883Z
2025-26,2025,Ball State Cardinals,ball-st-cardinals,97.6,105.4,47,52.7,14.2,16.2,24.1,23.8,39.4,67.7,teamrankings,2026-04-15,2026-03-16T04:05:29.883Z
2025-26,2025,Baylor Bears,baylor-bears,113.7,108.7,53.8,52.5,13.9,13.9,35.6,25.7,39.6,71.4,teamrankings,2026-04-15,2026-03-16T04:05:29.883Z
2025-26,2025,Bellarmine Knights,bellarmine-knights,116.4,122.8,59.4,59.4,14.1,13,20.8,25.8,41.2,67.8,teamrankings,2026-04-15,2026-03-16T04:05:29.883Z
2025-26,2025,Belmont Bruins,belmont-bruins,115.8,102.9,61,49.9,16,15.1,27.5,23.6,45.7,72.1,teamrankings,2026-04-15,2026-03-16T04:05:29.883Z
2025-26,2025,Bethune-Cookman Wildcats,bethune-cookman-wildcats,101.4,105.3,51,49.7,16.7,13.7,28.2,28.4,29.7,73.6,teamrankings,2026-04-15,2026-03-16T04:05:29.883Z
2025-26,2025,Binghamton Bearcats,binghamton-bearcats,97.9,112.4,50,54.3,17,11.6,18.1,28.8,30.9,68.2,teamrankings,2026-04-15,2026-03-16T04:05:29.883Z
2025-26,2025,Boise State Broncos,boise-st-broncos,111.4,105.4,52.2,52.7,14.7,13.1,31.9,30.4,43.1,69.5,teamrankings,2026-04-15,2026-03-16T04:05:29.883Z
2025-26,2025,Boston College Eagles,boston-college-eagles,97.5,102.2,47,48.9,13.3,12.9,25.9,24.3,42.4,69.2,teamrankings,2026-04-15,2026-03-16T04:05:29.883Z
2025-26,2025,Boston University Terriers,boston-u-terriers,111.8,111.6,57.5,53.6,15.7,11.4,25.8,23,43.8,66.7,teamrankings,2026-04-15,2026-03-16T04:05:29.883Z
2025-26,2025,Bowling Green Falcons,bowling-green-falcons,106.4,100.8,51.8,51,14.5,16.2,26.1,27.1,34.2,72.1,teamrankings,2026-04-15,2026-03-16T04:05:29.883Z
2025-26,2025,Bradley Braves,bradley-braves,108.2,103.6,51,52.6,12.2,16.9,25.6,27.1,40.4,71.5,teamrankings,2026-04-15,2026-03-16T04:05:29.883Z
2025-26,2025,Brown Bears,brown-bears,96.3,103.8,48.6,51.3,17,16.3,26.4,20.7,36.3,69.8,teamrankings,2026-04-15,2026-03-16T04:05:29.883Z
2025-26,2025,Bryant Bulldogs,bryant-bulldogs,93.8,109.1,46.9,52.7,17.7,12.6,24.6,21.4,47.9,67.2,teamrankings,2026-04-15,2026-03-16T04:05:29.883Z
2025-26,2025,Bucknell Bison,bucknell-bison,97.5,110.5,48.5,54.7,16.7,15.6,24.7,21.8,42.7,69.1,teamrankings,2026-04-15,2026-03-16T04:05:29.883Z
2025-26,2025,Buffalo Bulls,buffalo-bulls,111.4,110.6,55.4,55.1,14.3,15.6,25.6,28.4,45.5,69.6,teamrankings,2026-04-15,2026-03-16T04:05:29.883Z
2025-26,2025,Butler Bulldogs,butler-bulldogs,108.4,105.9,50.9,51.9,13.6,13.1,31.7,30.4,34.9,73.2,teamrankings,2026-04-15,2026-03-16T04:05:29.883Z
2025-26,2025,BYU Cougars,brigham-young-cougars,115.4,103.6,54.7,51.2,13.1,14.3,32.5,25.6,39.8,72.7,teamrankings,2026-04-15,2026-03-16T04:05:29.883Z
2025-26,2025,Cal Poly Mustangs,cal-poly-slo-mustangs,103.9,109,51.5,53.8,17.4,14.1,27.8,24.9,52.6,78.3,teamrankings,2026-04-15,2026-03-16T04:05:29.883Z
2025-26,2025,Cal State Bakersfield Roadrunners,csu-bakersfield-roadrunners,96.2,111.5,45.7,54,16.2,15.3,28.4,29.4,28.9,74.8,teamrankings,2026-04-15,2026-03-16T04:05:29.883Z
2025-26,2025,Cal State Fullerton Titans,csu-fullerton-titans,103.8,106.3,51.4,54.3,13.5,17.2,21.6,27.6,43.1,77.3,teamrankings,2026-04-15,2026-03-16T04:05:29.883Z
2025-26,2025,Cal State Northridge Matadors,csu-northridge-matadors,103.6,104.4,51.3,51.6,15.2,14.4,28.8,25.2,33.6,77.9,teamrankings,2026-04-15,2026-03-16T04:05:29.883Z
2025-26,2025,California Baptist Lancers,california-baptist-lancers,104.4,96.6,48.6,46.4,15.1,15,36,26.2,32.1,70,teamrankings,2026-04-15,2026-03-16T04:05:29.883Z
2025-26,2025,California Golden Bears,california-golden-bears,107.4,101.7,52.2,49.6,13.3,13.9,22.4,27.5,42.7,72.1,teamrankings,2026-04-15,2026-03-16T04:05:29.883Z
2025-26,2025,Campbell Fighting Camels,campbell-fighting-camels,106.4,110.2,50.1,53.9,15.1,14.7,31.3,30.8,36.9,71.5,teamrankings,2026-04-15,2026-03-16T04:05:29.883Z
2025-26,2025,Canisius Golden Griffins,canisius-golden-griffins,93.9,107.6,46.3,52.2,17,13.9,26.9,22.7,39.5,66.3,teamrankings,2026-04-15,2026-03-16T04:05:29.883Z
2025-26,2025,Central Arkansas Bears,central-arkansas-bears,110.2,105.6,54,54.9,13.4,16.8,26.2,23.6,48.7,71.9,teamrankings,2026-04-15,2026-03-16T04:05:29.883Z
2025-26,2025,Central Connecticut Blue Devils,central-conn-st-blue-devils,105.5,107.6,51.6,50.2,14.3,12,25.5,23.3,34.9,66.9,teamrankings,2026-04-15,2026-03-16T04:05:29.883Z
2025-26,2025,Central Michigan Chippewas,central-michigan-chippewas,102.8,111.4,51.8,54,15.8,14.6,27.8,22.9,34,69.7,teamrankings,2026-04-15,2026-03-16T04:05:29.883Z
2025-26,2025,Charleston Cougars,charleston-cougars,106.2,104.2,50.5,49.2,13.6,12.5,27.8,29.7,38.1,70.9,teamrankings,2026-04-15,2026-03-16T04:05:29.883Z
2025-26,2025,Charleston Southern Buccaneers,charleston-southern-buccaneers,104.7,104.7,54.1,46.9,16.1,11,28.1,22.3,49.5,77.3,teamrankings,2026-04-15,2026-03-16T04:05:29.883Z
2025-26,2025,Charlotte 49ers,charlotte-49ers,108.6,110.5,53.4,50.9,15.5,11.6,32,26.2,45.4,67.2,teamrankings,2026-04-15,2026-03-16T04:05:29.883Z
2025-26,2025,Chattanooga Mocs,chattanooga-mocs,107.6,113.3,54.2,51.7,13,11.3,20.1,22.4,49.2,68.9,teamrankings,2026-04-15,2026-03-16T04:05:29.883Z
2025-26,2025,Chicago State Cougars,chicago-st-cougars,95.5,112.2,45.3,56.7,13.6,17.1,23.8,22.8,30.9,68.2,teamrankings,2026-04-15,2026-03-16T04:05:29.883Z
2025-26,2025,Cincinnati Bearcats,cincinnati-bearcats,103,95.2,50.5,47.3,14.6,15.9,29,22.1,43.8,71,teamrankings,2026-04-15,2026-03-16T04:05:29.883Z
2025-26,2025,Clemson Tigers,clemson-tigers,110.3,99.3,52.6,48.9,12.5,15.4,26.4,27.7,42.9,67.2,teamrankings,2026-04-15,2026-03-16T04:05:29.883Z
2025-26,2025,Cleveland State Vikings,cleveland-st-vikings,107.3,121.1,54.2,57.2,15.9,12.8,23.6,27,50.8,73.2,teamrankings,2026-04-15,2026-03-16T04:05:29.883Z
2025-26,2025,Coastal Carolina Chanticleers,coastal-carolina-chanticleers,100.8,103.3,47.9,46.8,13.3,10.6,25.6,24.2,43.1,71.2,teamrankings,2026-04-15,2026-03-16T04:05:29.883Z
2025-26,2025,Colgate Raiders,colgate-raiders,107.8,108.7,53.3,52.2,13,13.3,24.4,22.5,35,70.1,teamrankings,2026-04-15,2026-03-16T04:05:29.883Z
2025-26,2025,Colorado Buffaloes,colorado-buffaloes,110.6,109.9,53.2,52.9,12.6,13.5,27.2,26.5,35.1,72.3,teamrankings,2026-04-15,2026-03-16T04:05:29.883Z
2025-26,2025,Colorado State Rams,colorado-st-rams,114.8,109.4,58,53.1,16.4,13.3,28,27.9,49,65.5,teamrankings,2026-04-15,2026-03-16T04:05:29.883Z
2025-26,2025,Columbia Lions,columbia-lions,107.4,105.4,53.5,51.2,16.5,13.1,32.5,21.2,37.5,69.8,teamrankings,2026-04-15,2026-03-16T04:05:29.883Z
2025-26,2025,Connecticut Huskies,connecticut-huskies,113.4,95.3,55.3,45.7,14.2,15.8,33.7,22.5,40.3,68.3,teamrankings,2026-04-15,2026-03-16T04:05:29.883Z
2025-26,2025,Coppin State Eagles,coppin-st-eagles,90.5,114.1,45.9,55.4,19.3,15,27.6,26.3,35.2,71,teamrankings,2026-04-15,2026-03-16T04:05:29.883Z
2025-26,2025,Cornell Big Red,cornell-big-red,116.6,115,58.5,55.9,14,13.2,28.3,22.6,51.6,73.6,teamrankings,2026-04-15,2026-03-16T04:05:29.883Z
2025-26,2025,Creighton Bluejays,creighton-bluejays,107.1,107,53.1,51.1,14.5,12.1,25.6,20.8,48.2,70.1,teamrankings,2026-04-15,2026-03-16T04:05:29.883Z
2025-26,2025,Dartmouth Big Green,dartmouth-big-green,102.8,110.2,51.8,52.7,15.8,12,21.9,27.1,48.7,71.1,teamrankings,2026-04-15,2026-03-16T04:05:29.883Z
2025-26,2025,Davidson Wildcats,davidson-wildcats,105.2,102.9,52.6,50.4,14,15.4,26.9,23.7,44,66.1,teamrankings,2026-04-15,2026-03-16T04:05:29.883Z
2025-26,2025,Dayton Flyers,dayton-flyers,105.8,99.5,51.7,50.9,15.4,18.6,25.2,32.4,41.5,70.3,teamrankings,2026-04-15,2026-03-16T04:05:29.883Z
2025-26,2025,Delaware Blue Hens,delaware-blue-hens,102,111.4,53.3,51.5,16.6,12.1,18.3,22.2,46.2,66.5,teamrankings,2026-04-15,2026-03-16T04:05:29.883Z
2025-26,2025,Delaware State Hornets,delaware-state-hornets,87.8,105.1,42.9,52.9,17.4,16.9,25.6,24.4,28.9,67.9,teamrankings,2026-04-15,2026-03-16T04:05:29.883Z
2025-26,2025,Denver Pioneers,denver-pioneers,113.2,118.5,53.6,56,12.4,11.2,28.7,25.6,38.6,70.9,teamrankings,2026-04-15,2026-03-16T04:05:29.883Z
2025-26,2025,DePaul Blue Demons,depaul-blue-demons,101.3,100.3,49.8,49.3,15.4,16.2,28.4,25.5,39.1,69.4,teamrankings,2026-04-15,2026-03-16T04:05:29.883Z
2025-26,2025,Detroit Mercy Titans,detroit-mercy-titans,106.9,110.3,49.5,52.2,13.7,12.4,31.7,24.4,30.7,71.4,teamrankings,2026-04-15,2026-03-16T04:05:29.883Z
2025-26,2025,Drake Bulldogs,drake-bulldogs,105.9,109.4,51.4,52.6,13.2,12.6,24.2,25.2,45.7,69.8,teamrankings,2026-04-15,2026-03-16T04:05:29.883Z
2025-26,2025,Drexel Dragons,drexel-dragons,100.5,100.9,50.7,47.1,16.3,14.1,29.5,22.9,40,67,teamrankings,2026-04-15,2026-03-16T04:05:29.883Z
2025-26,2025,Duke Blue Devils,duke-blue-devils,119.8,91.9,56.8,46.2,13.2,16,36.5,27.7,44.4,68.7,teamrankings,2026-04-15,2026-03-16T04:05:29.883Z
2025-26,2025,Duquesne Dukes,duquesne-dukes,106.9,105.5,52.3,52.5,15.4,16.1,28.5,27.6,44.4,71.9,teamrankings,2026-04-15,2026-03-16T04:05:29.883Z
2025-26,2025,East Carolina Pirates,east-carolina-pirates,99.1,107.7,46.4,52.3,14.6,13.9,30.2,28.4,31.1,72.1,teamrankings,2026-04-15,2026-03-16T04:05:29.883Z
2025-26,2025,East Tennessee State Buccaneers,east-tennessee-st-buccaneers,112.4,102.6,55.3,51,13.3,16.3,27.2,25.7,37.8,68.4,teamrankings,2026-04-15,2026-03-16T04:05:29.883Z
2025-26,2025,East Texas A&M Lions,east-texas-am-lions,95.9,108.7,49.2,52.9,17,14.6,23.1,23.1,46.2,70,teamrankings,2026-04-15,2026-03-16T04:05:29.883Z
2025-26,2025,Eastern Illinois Panthers,eastern-illinois-panthers,94,105.1,45.7,50.8,16.2,16.4,25.6,24.2,29.9,68.7,teamrankings,2026-04-15,2026-03-16T04:05:29.883Z
2025-26,2025,Eastern Kentucky Colonels,eastern-kentucky-colonels,108.5,116.4,52.1,56.1,14.4,12.8,31.6,23,50.8,71.4,teamrankings,2026-04-15,2026-03-16T04:05:29.883Z
2025-26,2025,Eastern Michigan Eagles,eastern-michigan-eagles,99.5,105.5,49.6,50.3,15.2,13.6,25.4,21.7,31.8,70.5,teamrankings,2026-04-15,2026-03-16T04:05:29.883Z
2025-26,2025,Eastern Washington Eagles,eastern-washington-eagles,109.3,111.4,53.7,54.9,15.4,14.2,28.9,26.3,34.7,71.1,teamrankings,2026-04-15,2026-03-16T04:05:29.883Z
2025-26,2025,Elon Phoenix,elon-university-phoenix,108.7,112.1,52.2,54,13.6,14.1,31.4,24.9,43.2,70.7,teamrankings,2026-04-15,2026-03-16T04:05:29.883Z
2025-26,2025,Evansville Purple Aces,evansville-purple-aces,95,113,49.3,55.1,17.2,13.5,20.3,21.6,43.1,69.3,teamrankings,2026-04-15,2026-03-16T04:05:29.883Z
2025-26,2025,Fairfield Stags,fairfield-stags,105.8,104.3,48.8,51,12.8,14.6,34.6,21.3,35.4,69,teamrankings,2026-04-15,2026-03-16T04:05:29.883Z
2025-26,2025,Fairleigh Dickinson Knights,fairleigh-dickinson-knights,98.2,109.6,47.1,55.2,15.5,14.2,29.2,24.1,45.2,66.3,teamrankings,2026-04-15,2026-03-16T04:05:29.883Z
2025-26,2025,Florida A&M Rattlers,florida-am-rattlers,96.8,103.8,49.2,51.2,18.7,16.7,29.2,25.8,37.7,72.3,teamrankings,2026-04-15,2026-03-16T04:05:29.883Z
2025-26,2025,Florida Atlantic Owls,florida-atlantic-owls,106,103.5,52.2,49.5,15.2,13.5,30.2,24.3,38.2,72.8,teamrankings,2026-04-15,2026-03-16T04:05:29.883Z
2025-26,2025,Florida Gators,florida-gators,117.1,97.2,53.5,46.3,13.5,13.6,43.2,28.4,37.1,74.1,teamrankings,2026-04-15,2026-03-16T04:05:29.883Z
2025-26,2025,Florida Gulf Coast Eagles,florida-gulf-coast-eagles,106.4,108.3,52,53.4,13.7,14.5,28.8,22,38.4,72,teamrankings,2026-04-15,2026-03-16T04:05:29.883Z
2025-26,2025,Florida International Panthers,florida-international-panthers,104.2,106,50.6,52.9,15.1,17.1,32.2,27.5,32.7,74.6,teamrankings,2026-04-15,2026-03-16T04:05:29.883Z
2025-26,2025,Florida State Seminoles,florida-state-seminoles,109.6,106.3,52.3,52.2,13.1,16.2,29.3,25.9,50.6,73.3,teamrankings,2026-04-15,2026-03-16T04:05:29.883Z
2025-26,2025,Fordham Rams,fordham-rams,102,100.2,48.6,49.9,14.5,15.1,33.3,20.1,38.3,66.2,teamrankings,2026-04-15,2026-03-16T04:05:29.883Z
2025-26,2025,Fresno State Bulldogs,fresno-st-bulldogs,102.2,103.8,50.6,51.5,16,15.7,25.3,24.6,40.9,70.8,teamrankings,2026-04-15,2026-03-16T04:05:29.883Z
2025-26,2025,Furman Paladins,furman-paladins,109.1,104.9,54.8,50.1,15.5,11.9,29.5,23.6,46.3,68.8,teamrankings,2026-04-15,2026-03-16T04:05:29.883Z
2025-26,2025,Gardner-Webb Runnin' Bulldogs,gardner-webb-runnin-bulldogs,91.6,120,47.8,56.9,17.8,13,20.7,21.8,39.8,72.2,teamrankings,2026-04-15,2026-03-16T04:05:29.883Z
2025-26,2025,George Mason Patriots,george-mason-patriots,110,102.1,53.1,49.4,13.8,13.6,28.9,29.6,35.4,66.3,teamrankings,2026-04-15,2026-03-16T04:05:29.883Z
2025-26,2025,George Washington Revolutionaries,george-washington-revolutionaries,113.9,104.4,54.6,52.3,15.2,15.7,35.2,25.9,46.7,71.6,teamrankings,2026-04-15,2026-03-16T04:05:29.883Z
2025-26,2025,Georgetown Hoyas,georgetown-hoyas,106.2,105.2,49.6,49.9,13.5,14,31.4,27.3,35.2,69.3,teamrankings,2026-04-15,2026-03-16T04:05:29.883Z
2025-26,2025,Georgia Bulldogs,georgia-bulldogs,117.3,103.4,54.6,50.1,12.2,15.6,32.9,27.6,43.9,76.5,teamrankings,2026-04-15,2026-03-16T04:05:29.883Z
2025-26,2025,Georgia Southern Eagles,georgia-southern-eagles,108,108.6,51.4,52.3,12.7,16,26.2,29,48.9,74,teamrankings,2026-04-15,2026-03-16T04:05:29.883Z
2025-26,2025,Georgia State Panthers,georgia-st-panthers,96.5,106.4,44.2,50.6,13.8,13.9,24.8,27.2,42.4,70.9,teamrankings,2026-04-15,2026-03-16T04:05:29.883Z
2025-26,2025,Georgia Tech Yellow Jackets,georgia-tech-yellow-jackets,99.8,104.7,50,49.9,16.2,13.4,26.4,24.1,33.2,73.9,teamrankings,2026-04-15,2026-03-16T04:05:29.883Z
2025-26,2025,Gonzaga Bulldogs,gonzaga-bulldogs,117.9,91.4,56.3,46.2,11.7,18.1,34.2,23.8,31,72.2,teamrankings,2026-04-15,2026-03-16T04:05:29.883Z
2025-26,2025,Grambling Tigers,grambling-state-tigers,97.3,100.4,48.8,50,18.5,18,28.4,28,38.1,70.9,teamrankings,2026-04-15,2026-03-16T04:05:29.883Z
2025-26,2025,Grand Canyon Lopes,grand-canyon-lopes,107.8,97.9,51.7,47.4,15.4,15.4,31.2,28.2,38.9,70.1,teamrankings,2026-04-15,2026-03-16T04:05:29.883Z
2025-26,2025,Green Bay Phoenix,green-bay-phoenix,110.6,113.5,54.9,53.6,14.3,11.5,22.6,29.7,37.3,66.8,teamrankings,2026-04-15,2026-03-16T04:05:29.883Z
2025-26,2025,Hampton Pirates,hampton-pirates,98.7,104.7,45.7,52,14.5,14.9,28.9,28.4,37.1,68.9,teamrankings,2026-04-15,2026-03-16T04:05:29.883Z
2025-26,2025,Harvard Crimson,harvard-crimson,105.4,101.7,53.2,50.4,15.4,15,24.8,19.3,40.2,66.2,teamrankings,2026-04-15,2026-03-16T04:05:29.883Z
2025-26,2025,Hawai'i Rainbow Warriors,hawaii-rainbow-warriors,105.7,94.4,52,46.4,16.5,15,29.1,29.5,39.7,74.5,teamrankings,2026-04-15,2026-03-16T04:05:29.883Z
2025-26,2025,High Point Panthers,high-point-panthers,118.1,98.1,54.7,50.1,11.2,19,30.7,31.7,42.9,73.2,teamrankings,2026-04-15,2026-03-16T04:05:29.883Z
2025-26,2025,Hofstra Pride,hofstra-pride,109.9,99.7,51.5,45.9,13.6,12.9,33.6,24.3,43.1,67.8,teamrankings,2026-04-15,2026-03-16T04:05:29.883Z
2025-26,2025,Holy Cross Crusaders,holy-cross-crusaders,101.3,111.5,49.8,54.8,13.8,12.4,19.2,23.7,37.3,67,teamrankings,2026-04-15,2026-03-16T04:05:29.883Z
2025-26,2025,Houston Christian Huskies,houston-christian-huskies,99.7,108.9,49.7,54.2,16.3,15.2,27.4,25.7,36.5,66.5,teamrankings,2026-04-15,2026-03-16T04:05:29.883Z
2025-26,2025,Houston Cougars,houston-cougars,114.8,93.5,52.1,46.6,10.9,18.1,34.4,21.3,40.8,67.2,teamrankings,2026-04-15,2026-03-16T04:05:29.883Z
2025-26,2025,Howard Bison,howard-bison,104.5,94.5,50.6,47.4,16.9,18.3,33.4,30.3,34.3,71.8,teamrankings,2026-04-15,2026-03-16T04:05:29.883Z
2025-26,2025,Idaho State Bengals,idaho-state-bengals,107.8,113.5,51.8,54.5,14.7,13.1,31.6,27.2,41.9,68.3,teamrankings,2026-04-15,2026-03-16T04:05:29.883Z
2025-26,2025,Idaho Vandals,idaho-vandals,107.3,103.6,51.9,50.3,13.1,13.5,25.5,26,46.8,71.5,teamrankings,2026-04-15,2026-03-16T04:05:29.883Z
2025-26,2025,Illinois Chicago Flames,illinois-chicago-flames,106.1,101.3,49.7,49.9,14.8,16.8,34.4,26.6,33,69.7,teamrankings,2026-04-15,2026-03-16T04:05:29.883Z
2025-26,2025,Illinois Fighting Illini,illinois-fighting-illini,123.2,101.9,55.1,47.6,11.1,10.1,38.4,25.4,50.7,68.5,teamrankings,2026-04-15,2026-03-16T04:05:29.883Z
2025-26,2025,Illinois State Redbirds,illinois-st-redbirds,107.8,99.9,53.6,50,14.7,14.5,27.3,23.6,42.4,69.1,teamrankings,2026-04-15,2026-03-16T04:05:29.883Z
2025-26,2025,Incarnate Word Cardinals,incarnate-word-cardinals,104.8,111.6,50.2,54.5,14.7,13.6,29.7,25.2,39.1,67.2,teamrankings,2026-04-15,2026-03-16T04:05:29.883Z
2025-26,2025,Indiana Hoosiers,indiana-hoosiers,113.4,104.6,56.1,49,13.4,13.2,24.3,25.9,50.5,69,teamrankings,2026-04-15,2026-03-16T04:05:29.883Z
2025-26,2025,Indiana State Sycamores,indiana-st-sycamores,100,104.8,52.9,50.2,17.4,12.7,22.8,20.1,45.2,71.7,teamrankings,2026-04-15,2026-03-16T04:05:29.883Z
2025-26,2025,Iona Gaels,iona-gaels,103.1,102.1,51.9,48.9,15.1,14.2,24.6,21.8,45.9,71.6,teamrankings,2026-04-15,2026-03-16T04:05:29.883Z
2025-26,2025,Iowa Hawkeyes,iowa-hawkeyes,116,101.7,56.6,52.7,13.4,18.6,28.2,25.6,41.6,64.8,teamrankings,2026-04-15,2026-03-16T04:05:29.883Z
2025-26,2025,Iowa State Cyclones,iowa-state-cyclones,117.3,93.4,56.5,49.5,12.9,19.7,33,25.6,38.8,69.7,teamrankings,2026-04-15,2026-03-16T04:05:29.883Z
2025-26,2025,IU Indy Jaguars,iu-indy-jaguars,105.5,116.3,52.2,58.2,13.9,16.6,26.4,17,42.1,76.7,teamrankings,2026-04-15,2026-03-16T04:05:29.883Z
2025-26,2025,Jackson State Tigers,jackson-state-tigers,95.7,114.1,45.7,53,16.8,13.8,27.2,26.5,43.3,73.4,teamrankings,2026-04-15,2026-03-16T04:05:29.883Z
2025-26,2025,Jacksonville Dolphins,jacksonville-dolphins,103.7,112.1,50,54.8,14.9,13.2,30.2,24.2,37.4,67,teamrankings,2026-04-15,2026-03-16T04:05:29.883Z
2025-26,2025,Jacksonville State Gamecocks,jacksonville-st-gamecocks,102.5,103.4,49.7,49.6,14.7,14.2,27.8,30.5,38.1,68.2,teamrankings,2026-04-15,2026-03-16T04:05:29.883Z
2025-26,2025,James Madison Dukes,james-madison-dukes,107.7,107.3,53.1,49,15,11,28.7,26.1,42.5,69.4,teamrankings,2026-04-15,2026-03-16T04:05:29.883Z
2025-26,2025,Kansas City Roos,kansas-city-roos,91.4,115.6,45.7,56.3,15.9,14,24.5,21.5,36.8,73.3,teamrankings,2026-04-15,2026-03-16T04:05:29.883Z
2025-26,2025,Kansas Jayhawks,kansas-jayhawks,107.4,98.5,51.6,45.2,13.4,11.9,28,24.2,35.7,70.4,teamrankings,2026-04-15,2026-03-16T04:05:29.883Z
2025-26,2025,Kansas State Wildcats,kansas-state-wildcats,105.5,108.5,53.3,52.5,15.3,14.6,27.1,20.2,41,75.4,teamrankings,2026-04-15,2026-03-16T04:05:29.883Z
2025-26,2025,Kennesaw State Owls,kennesaw-st-owls,107.6,104.7,50.7,48.5,14.1,13.9,33.6,31.7,42.9,74.9,teamrankings,2026-04-15,2026-03-16T04:05:29.883Z
2025-26,2025,Kent State Golden Flashes,kent-st-golden-flashes,109.9,106.8,51.9,52.1,15.3,14.3,34,31.1,45,75.5,teamrankings,2026-04-15,2026-03-16T04:05:29.883Z
2025-26,2025,Kentucky Wildcats,kentucky-wildcats,113.1,103.4,53.1,48.8,12.8,13.7,32.5,27.7,39.2,71.4,teamrankings,2026-04-15,2026-03-16T04:05:29.883Z
2025-26,2025,La Salle Explorers,la-salle-explorers,97.6,109.4,45.4,55,15.4,14.8,30.8,27,31.5,68.5,teamrankings,2026-04-15,2026-03-16T04:05:29.883Z
2025-26,2025,Lafayette Leopards,lafayette-leopards,101,110.2,49.3,53.6,13.6,13.2,23.3,24.4,39.8,68.4,teamrankings,2026-04-15,2026-03-16T04:05:29.883Z
2025-26,2025,Lamar Cardinals,lamar-cardinals,100.7,103.7,47.8,50.9,15.1,15.1,34.2,20.9,33.9,67.9,teamrankings,2026-04-15,2026-03-16T04:05:29.883Z
2025-26,2025,Le Moyne Dolphins,le-moyne-dolphins,102.7,104.9,52.7,49.3,17.1,12.9,22.9,27.6,40.8,70.5,teamrankings,2026-04-15,2026-03-16T04:05:29.883Z
2025-26,2025,Lehigh Mountain Hawks,lehigh-mountain-hawks,103.3,106.6,53.3,50.6,15.8,14,20.8,23.5,38.2,70,teamrankings,2026-04-15,2026-03-16T04:05:29.883Z
2025-26,2025,Liberty Flames,liberty-flames,114.3,108.2,59.8,53.1,12.6,14.8,16.1,23.7,48.6,66.7,teamrankings,2026-04-15,2026-03-16T04:05:29.883Z
2025-26,2025,Lindenwood Lions,lindenwood-lions,98.8,99.7,48,49.1,15.9,15.9,31.1,27.4,30.7,75.3,teamrankings,2026-04-15,2026-03-16T04:05:29.883Z
2025-26,2025,Lipscomb Bisons,lipscomb-bisons,107.8,107,54.1,53.2,14.2,15.4,23.8,19.9,47.9,72,teamrankings,2026-04-15,2026-03-16T04:05:29.883Z
2025-26,2025,Little Rock Trojans,little-rock-trojans,99.6,107.2,49.4,51.8,15.8,15.6,29.7,20.6,31,69.2,teamrankings,2026-04-15,2026-03-16T04:05:29.883Z
2025-26,2025,Long Beach State Beach,long-beach-st-beach,99.7,107.5,50.6,53.7,16,15.5,23.3,22.5,34.8,73.5,teamrankings,2026-04-15,2026-03-16T04:05:29.883Z
2025-26,2025,Long Island Sharks,liu-sharks,105.8,101.5,53.3,49.8,16.2,16.3,33.7,24.7,29,70.1,teamrankings,2026-04-15,2026-03-16T04:05:29.883Z
2025-26,2025,Longwood Lancers,longwood-lancers,104,104.5,49.7,53.8,16.3,17.5,33.9,28.8,34.8,72.9,teamrankings,2026-04-15,2026-03-16T04:05:29.883Z
2025-26,2025,Louisiana Ragin' Cajuns,ul-lafayette-ragin-cajuns,96.3,106.9,47.1,52.6,14.5,16,26.3,21.5,40.5,66.1,teamrankings,2026-04-15,2026-03-16T04:05:29.883Z
2025-26,2025,Louisiana State Tigers,louisiana-state-tigers,113.1,109,52.8,50.9,13.4,12,32,29.6,34.5,72,teamrankings,2026-04-15,2026-03-16T04:05:29.883Z
2025-26,2025,Louisiana Tech Bulldogs,louisiana-tech-bulldogs,100.5,100.4,47.4,48.7,15.2,15.4,35.7,24.3,33.4,67.5,teamrankings,2026-04-15,2026-03-16T04:05:29.883Z
2025-26,2025,Louisville Cardinals,louisville-cardinals,117.1,99.8,56.4,48.8,14.1,14.7,31.6,24.8,52.8,72.4,teamrankings,2026-04-15,2026-03-16T04:05:29.883Z
2025-26,2025,Loyola Chicago Ramblers,loyola-chicago-ramblers,98.6,111.8,49.8,52,17.1,11.2,28.3,24.7,47.7,67.8,teamrankings,2026-04-15,2026-03-16T04:05:29.883Z
2025-26,2025,Loyola Maryland Greyhounds,loyola-md-greyhounds,103.6,110.4,50.4,54.7,13.5,13.5,25.6,22.7,47.2,71.1,teamrankings,2026-04-15,2026-03-16T04:05:29.883Z
2025-26,2025,Loyola Marymount Lions,loyola-marymount-lions,102.4,103,51.8,48.9,15.4,14.2,24.5,22.9,40.4,70.5,teamrankings,2026-04-15,2026-03-16T04:05:29.883Z
2025-26,2025,Maine Black Bears,maine-black-bears,91.7,102.7,49.6,50.6,17.3,16.6,16.5,26.5,37,66.7,teamrankings,2026-04-15,2026-03-16T04:05:29.883Z
2025-26,2025,Manhattan Jaspers,manhattan-jaspers,103,113.2,47.9,53.9,13.6,14,26.3,25.4,37.1,70.3,teamrankings,2026-04-15,2026-03-16T04:05:29.883Z
2025-26,2025,Marist Red Foxes,marist-red-foxes,101.1,93.8,49.3,45.6,14.7,16.9,27.3,19.4,34.6,68.1,teamrankings,2026-04-15,2026-03-16T04:05:29.883Z
2025-26,2025,Marquette Golden Eagles,marquette-golden-eagles,103.2,104,50.5,50.6,13.8,16.5,27.3,24.4,42.1,72.9,teamrankings,2026-04-15,2026-03-16T04:05:29.883Z
2025-26,2025,Marshall Thundering Herd,marshall-thundering-herd,110.7,108.5,54.8,50.3,14.3,13.8,30.2,21.9,44.3,72.7,teamrankings,2026-04-15,2026-03-16T04:05:29.883Z
2025-26,2025,Maryland Eastern Shore Hawks,maryland-eastern-shore-hawks,92.8,106.3,47.8,50.7,20.5,15.4,30.7,20.6,33.5,67.3,teamrankings,2026-04-15,2026-03-16T04:05:29.883Z
2025-26,2025,Maryland Terrapins,maryland-terrapins,101.3,111.3,48.1,54.4,15.8,13,31.6,26.2,46.9,68.8,teamrankings,2026-04-15,2026-03-16T04:05:29.883Z
2025-26,2025,Massachusetts Minutemen,massachusetts-minutemen,107.3,105.9,53.1,52.9,15.4,15,31.4,26.7,35.4,74.5,teamrankings,2026-04-15,2026-03-16T04:05:29.883Z
2025-26,2025,McNeese Cowboys,mcneese-st-cowboys,111.1,96.9,51,48.9,12.1,21,33.6,28.4,35.1,69.2,teamrankings,2026-04-15,2026-03-16T04:05:29.883Z
2025-26,2025,Memphis Tigers,memphis-tigers,101.5,103.5,48.7,48.7,16,15.7,33.1,25,33.7,74.1,teamrankings,2026-04-15,2026-03-16T04:05:29.883Z
2025-26,2025,Mercer Bears,mercer-bears,112.5,109.2,53.1,52.5,12.9,14.5,30.9,28.7,39.2,71.2,teamrankings,2026-04-15,2026-03-16T04:05:29.883Z
2025-26,2025,Mercyhurst Lakers,mercyhurst-lakers,101.5,102.1,49.5,50.1,12.5,16.2,23.8,19.8,31.1,67.3,teamrankings,2026-04-15,2026-03-16T04:05:29.883Z
2025-26,2025,Merrimack Warriors,merrimack-warriors,103.9,100.8,49.1,46.7,13.2,16.8,22.5,28.1,46.1,66,teamrankings,2026-04-15,2026-03-16T04:05:29.883Z
2025-26,2025,Miami (OH) RedHawks,miami-oh-redhawks,117.8,103.1,59.2,50.8,13,15.3,23,29.3,44.6,74,teamrankings,2026-04-15,2026-03-16T04:05:29.883Z
2025-26,2025,Miami Hurricanes,miami-hurricanes,115.3,100.2,55.6,51.7,13.8,16.2,34.2,27.6,31.7,71,teamrankings,2026-04-15,2026-03-16T04:05:29.883Z
2025-26,2025,Michigan State Spartans,michigan-st-spartans,114.8,99.5,53.6,48.6,14.4,13.2,37.1,26.5,36.4,68.8,teamrankings,2026-04-15,2026-03-16T04:05:29.883Z
2025-26,2025,Michigan Wolverines,michigan-wolverines,118.3,94.3,58.1,44.7,14.4,13.5,34.5,27.3,41.8,73.4,teamrankings,2026-04-15,2026-03-16T04:05:29.883Z
2025-26,2025,Middle Tennessee Blue Raiders,middle-tennessee-st-blue-raiders,105.1,106.8,51.6,51,14.9,13,27.8,24.2,45.3,69.9,teamrankings,2026-04-15,2026-03-16T04:05:29.883Z
2025-26,2025,Milwaukee Panthers,milwaukee-panthers,105.4,112.9,49.9,55.5,12.9,13.9,30.8,24.2,38.1,70.8,teamrankings,2026-04-15,2026-03-16T04:05:29.883Z
2025-26,2025,Minnesota Golden Gophers,minnesota-golden-gophers,106.9,104.6,54.2,51.9,14.7,14.9,24.6,26,47.2,65.5,teamrankings,2026-04-15,2026-03-16T04:05:29.883Z
2025-26,2025,Mississippi Rebels,mississippi-rebels,106.1,106.5,50.4,50.5,12.2,14.1,25.8,25,35.5,71.5,teamrankings,2026-04-15,2026-03-16T04:05:29.883Z
2025-26,2025,Mississippi State Bulldogs,mississippi-state-bulldogs,105,110.7,51.5,50.9,13.9,11,27.7,23.1,40.1,73.9,teamrankings,2026-04-15,2026-03-16T04:05:29.883Z
2025-26,2025,Mississippi Valley State Delta Devils,mississippi-valley-state-delta-devils,88.1,116.7,45.2,55.5,19.4,14.6,24.1,23.6,30.2,71.7,teamrankings,2026-04-15,2026-03-16T04:05:29.883Z
2025-26,2025,Missouri State Bears,missouri-st-bears,105.1,106.9,51.1,52,14.4,14.6,28,31.1,41.3,69.5,teamrankings,2026-04-15,2026-03-16T04:05:29.883Z
2025-26,2025,Missouri Tigers,missouri-tigers,112.5,106.4,55.4,51.4,15.4,14.3,32.7,30.1,36.1,70.8,teamrankings,2026-04-15,2026-03-16T04:05:29.883Z
2025-26,2025,Monmouth Hawks,monmouth-nj-hawks,103.6,102.1,49.6,50.1,14.3,17,29.4,24.2,34.4,69.4,teamrankings,2026-04-15,2026-03-16T04:05:29.883Z
2025-26,2025,Montana Grizzlies,montana-grizzlies,104.4,106.9,55.8,50.5,17.9,12.4,17.9,25.6,41.8,72.5,teamrankings,2026-04-15,2026-03-16T04:05:29.883Z
2025-26,2025,Montana State Bobcats,montana-st-bobcats,109.4,106.3,53.6,51.7,13,13.8,25.1,23,44.7,69.1,teamrankings,2026-04-15,2026-03-16T04:05:29.883Z
2025-26,2025,Morehead State Eagles,morehead-st-eagles,104.1,109.3,49.2,50.2,15.2,13,34.6,26.9,30.5,69.1,teamrankings,2026-04-15,2026-03-16T04:05:29.883Z
2025-26,2025,Morgan State Bears,morgan-st-bears,97.6,108.9,45.8,51.7,15.3,14,26.8,30.2,35.2,73.5,teamrankings,2026-04-15,2026-03-16T04:05:29.883Z
2025-26,2025,Mount St. Mary's Mountaineers,mount-st-marys-mountaineers,97.9,102.4,50.6,47.2,19.3,13.3,31.7,23.2,42.6,69.3,teamrankings,2026-04-15,2026-03-16T04:05:29.883Z
2025-26,2025,Murray State Racers,murray-st-racers,112.8,108.2,53.8,52.3,13.9,13.9,32.3,28.2,44.8,73.9,teamrankings,2026-04-15,2026-03-16T04:05:29.883Z
2025-26,2025,Navy Midshipmen,navy-midshipmen,110.3,96.8,53.2,48,14.6,16,30.3,28.4,33.1,67.2,teamrankings,2026-04-15,2026-03-16T04:05:29.883Z
2025-26,2025,NC State Wolfpack,nc-state-wolfpack,116.9,106.9,55.3,53.1,11.5,15.8,26.9,26.6,43.9,71.6,teamrankings,2026-04-15,2026-03-16T04:05:29.883Z
2025-26,2025,Nebraska Cornhuskers,nebraska-cornhuskers,111.9,95.9,55.4,47.8,12.7,16.8,25.3,20.8,50.7,69,teamrankings,2026-04-15,2026-03-16T04:05:29.883Z
2025-26,2025,Nevada Wolf Pack,nevada-wolf-pack,109.5,103.3,49.7,51,12.8,15.3,30.5,33.3,32.3,69.3,teamrankings,2026-04-15,2026-03-16T04:05:29.883Z
2025-26,2025,New Hampshire Wildcats,new-hampshire-wildcats,94.5,108.3,46.7,53.4,14.5,14,23.7,21.5,43.1,70.5,teamrankings,2026-04-15,2026-03-16T04:05:29.883Z
2025-26,2025,New Haven Chargers,new-haven-chargers,95,104.2,48.7,51.8,15.9,15.1,19.2,23.1,39.8,64.7,teamrankings,2026-04-15,2026-03-16T04:05:29.883Z
2025-26,2025,New Mexico Lobos,new-mexico-lobos,111.7,99.9,53.6,49.6,13.3,16.8,28.9,26.9,41.8,71.6,teamrankings,2026-04-15,2026-03-16T04:05:29.883Z
2025-26,2025,New Mexico State Aggies,new-mexico-st-aggies,105.6,105.5,48.5,48.7,12.8,12.6,31.1,26.1,38.7,69.9,teamrankings,2026-04-15,2026-03-16T04:05:29.883Z
2025-26,2025,New Orleans Privateers,new-orleans-privateers,103,107.3,49.6,49,17.4,12.5,33.6,31.4,33.7,72.4,teamrankings,2026-04-15,2026-03-16T04:05:29.883Z
2025-26,2025,Niagara Purple Eagles,niagara-purple-eagles,97.1,110,50.5,52.8,16.8,14.3,21.6,19.6,40.5,65.1,teamrankings,2026-04-15,2026-03-16T04:05:29.883Z
2025-26,2025,Nicholls Colonels,nicholls-state-colonels,101.5,108.3,50.6,54.4,15.2,17.8,27,25.1,43.9,69.9,teamrankings,2026-04-15,2026-03-16T04:05:29.883Z
2025-26,2025,NJIT Highlanders,njit-highlanders,95,105.8,46.7,50,15,13.8,23.8,24.3,40.1,69.6,teamrankings,2026-04-15,2026-03-16T04:05:29.883Z
2025-26,2025,Norfolk State Spartans,norfolk-state-spartans,101,105.3,49.3,51.7,16.1,16.2,29.6,30.4,30.6,70.9,teamrankings,2026-04-15,2026-03-16T04:05:29.883Z
2025-26,2025,North Alabama Lions,north-alabama-lions,99.7,114.6,48,55.2,15.1,12.5,28.3,27.2,33.7,68,teamrankings,2026-04-15,2026-03-16T04:05:29.883Z
2025-26,2025,North Carolina A&T Aggies,north-carolina-at-aggies,103.6,110.1,50.7,52.9,16.1,12.3,29.4,29.5,32.7,71.3,teamrankings,2026-04-15,2026-03-16T04:05:29.883Z
2025-26,2025,North Carolina Central Eagles,north-carolina-central-eagles,98.8,112.9,47.5,54.5,15.8,16.6,27.2,27.8,33.9,68.5,teamrankings,2026-04-15,2026-03-16T04:05:29.883Z
2025-26,2025,North Carolina Tar Heels,north-carolina-tar-heels,112.7,100.7,54.6,48.2,12.1,11.8,29.2,27.8,42.3,70.8,teamrankings,2026-04-15,2026-03-16T04:05:29.883Z
2025-26,2025,North Dakota Fighting Hawks,north-dakota-fighting-hawks,104.4,112,49.4,56.5,12.3,16.8,25.8,28.1,40.6,71.1,teamrankings,2026-04-15,2026-03-16T04:05:29.883Z
2025-26,2025,North Dakota State Bison,north-dakota-state-bison,112,100.3,53.4,51.5,13.3,16.7,32,23.3,42.7,70.6,teamrankings,2026-04-15,2026-03-16T04:05:29.883Z
2025-26,2025,North Florida Ospreys,north-florida-ospreys,104.4,121.2,52.9,56.3,15.9,10.7,22.5,21.4,51.7,73.9,teamrankings,2026-04-15,2026-03-16T04:05:29.883Z
2025-26,2025,North Texas Mean Green,north-texas-mean-green,99.4,98,46,48.4,14.1,18.3,31.9,28.6,32.3,69.6,teamrankings,2026-04-15,2026-03-16T04:05:29.883Z
2025-26,2025,Northeastern Huskies,northeastern-huskies,104.9,113.4,52.4,56.4,14.4,14.8,25.1,22.1,37.8,71.4,teamrankings,2026-04-15,2026-03-16T04:05:29.883Z
2025-26,2025,Northern Arizona Lumberjacks,northern-arizona-lumberjacks,102.1,116.4,51.7,56.9,14.3,14.3,21.9,23.5,36.7,66.7,teamrankings,2026-04-15,2026-03-16T04:05:29.883Z
2025-26,2025,Northern Colorado Bears,northern-colorado-bears,110.9,107.1,55.7,50.1,13.7,11,24.1,21,41.5,72.9,teamrankings,2026-04-15,2026-03-16T04:05:29.883Z
2025-26,2025,Northern Illinois Huskies,northern-illinois-huskies,93.9,111.6,47.6,55.6,19,14.2,27.5,26.6,45,70.7,teamrankings,2026-04-15,2026-03-16T04:05:29.883Z
2025-26,2025,Northern Iowa Panthers,northern-iowa-panthers,105.8,95.1,54.2,47.2,13.1,16,19.8,19.8,39.6,65.3,teamrankings,2026-04-15,2026-03-16T04:05:29.883Z
2025-26,2025,Northern Kentucky Norse,northern-kentucky-norse,110.7,107.7,53.2,54.2,14,16.2,30.5,26.5,44.9,73.1,teamrankings,2026-04-15,2026-03-16T04:05:29.883Z
2025-26,2025,Northwestern State Demons,northwestern-st-demons,98.5,108.7,48.6,53,16.2,14.5,23.3,28.3,33.9,67.1,teamrankings,2026-04-15,2026-03-16T04:05:29.883Z
2025-26,2025,Northwestern Wildcats,northwestern-wildcats,108.6,106.9,51.7,51,11.4,15,25.6,25.7,34,67.3,teamrankings,2026-04-15,2026-03-16T04:05:29.883Z
2025-26,2025,Notre Dame Fighting Irish,notre-dame-fighting-irish,107.1,108.3,52.3,51.8,14.6,12.3,29.3,25.1,43.5,69.5,teamrankings,2026-04-15,2026-03-16T04:05:29.883Z
2025-26,2025,Oakland Golden Grizzlies,oakland-golden-grizzlies,111.5,113.2,52.7,54.7,12.7,12.8,28.4,28.2,34,73.1,teamrankings,2026-04-15,2026-03-16T04:05:29.883Z
2025-26,2025,Ohio Bobcats,ohio-bobcats,105.5,110,50.9,53,13.5,13.9,26.4,27.2,38.1,72.7,teamrankings,2026-04-15,2026-03-16T04:05:29.883Z
2025-26,2025,Ohio State Buckeyes,ohio-st-buckeyes,115.8,105.6,56.5,50.3,13.6,13.6,27.9,27.7,40.1,68.9,teamrankings,2026-04-15,2026-03-16T04:05:29.883Z
2025-26,2025,Oklahoma Sooners,oklahoma-sooners,117,109,55.1,51.2,12.3,13.1,32.1,26.9,43.8,70.7,teamrankings,2026-04-15,2026-03-16T04:05:29.883Z
2025-26,2025,Oklahoma State Cowboys,oklahoma-state-cowboys,109.8,108,52.1,52.9,13.9,13.8,28.7,28.8,35.9,76.7,teamrankings,2026-04-15,2026-03-16T04:05:29.883Z
2025-26,2025,Old Dominion Monarchs,old-dominion-monarchs,104.2,108.4,50.7,50.8,13.7,12.5,23,25.9,36.2,72.6,teamrankings,2026-04-15,2026-03-16T04:05:29.883Z
2025-26,2025,Omaha Mavericks,nebraska-omaha-mavericks,104.6,109.9,52.2,52.7,14.3,12.3,22.6,25.4,40.9,70.6,teamrankings,2026-04-15,2026-03-16T04:05:29.883Z
2025-26,2025,Oral Roberts Golden Eagles,oral-roberts-golden-eagles,100.6,111.7,49.7,53.6,16.2,12.7,26.6,25.1,45.6,71.4,teamrankings,2026-04-15,2026-03-16T04:05:29.883Z
2025-26,2025,Oregon Ducks,oregon-ducks,103.7,108.2,49.5,50.9,15.1,13.5,30.8,25.5,42.8,68.3,teamrankings,2026-04-15,2026-03-16T04:05:29.883Z
2025-26,2025,Oregon State Beavers,oregon-st-beavers,103.7,108.1,50.5,50.3,15.7,13.1,24.8,30.1,44.3,68.6,teamrankings,2026-04-15,2026-03-16T04:05:29.883Z
2025-26,2025,Pacific Tigers,pacific-tigers,105.1,102.9,52.2,50,17.1,13.3,32.3,22.1,35.3,67.9,teamrankings,2026-04-15,2026-03-16T04:05:29.883Z
2025-26,2025,Penn Quakers,pennsylvania-quakers,105,103.3,50.3,51.7,13.3,15.4,28.6,26,35,71,teamrankings,2026-04-15,2026-03-16T04:05:29.883Z
2025-26,2025,Penn State Nittany Lions,penn-st-nittany-lions,107.3,115.6,53,58.4,13.9,15.5,23.8,25.1,38.1,68.7,teamrankings,2026-04-15,2026-03-16T04:05:29.883Z
2025-26,2025,Pepperdine Waves,pepperdine-waves,98,110.9,47.6,54.2,16,14.1,25.9,24.6,39.2,71.8,teamrankings,2026-04-15,2026-03-16T04:05:29.883Z
2025-26,2025,Pittsburgh Panthers,pittsburgh-panthers,105.9,107.8,51,53.4,14.6,14.3,31.7,22.8,42.6,66.6,teamrankings,2026-04-15,2026-03-16T04:05:29.883Z
2025-26,2025,Portland Pilots,portland-pilots,100.1,108.5,51.2,52.7,17.4,14.7,26,24.4,35.4,72,teamrankings,2026-04-15,2026-03-16T04:05:29.883Z
2025-26,2025,Portland State Vikings,portland-st-vikings,103.3,99.5,50.6,48.8,14.8,15.9,26.8,27,34.4,71.6,teamrankings,2026-04-15,2026-03-16T04:05:29.883Z
2025-26,2025,Prairie View A&M Panthers,prairie-view-am-panthers,101.4,105.2,47.9,50.4,14.2,16.3,24.4,30.6,30.9,74.7,teamrankings,2026-04-15,2026-03-16T04:05:29.883Z
2025-26,2025,Presbyterian Blue Hose,presbyterian-blue-hose,101.8,106.3,51,51.2,16.6,13.6,31.5,27.5,28,68.7,teamrankings,2026-04-15,2026-03-16T04:05:29.883Z
2025-26,2025,Princeton Tigers,princeton-tigers,101.3,108.7,49.6,52,15,12.5,24.7,25.2,44.5,66.6,teamrankings,2026-04-15,2026-03-16T04:05:29.883Z
2025-26,2025,Providence Friars,providence-friars,111.9,110.2,55,51.4,14.5,11.3,29.6,26.6,40.5,76.2,teamrankings,2026-04-15,2026-03-16T04:05:29.883Z
2025-26,2025,Purdue Boilermakers,purdue-boilermakers,122.4,105.1,57.6,52.3,11.5,13.8,35,22.3,40.9,66.7,teamrankings,2026-04-15,2026-03-16T04:05:29.883Z
2025-26,2025,Purdue Fort Wayne Mastodons,purdue-fort-wayne-mastodons,105,111.5,52.6,56.1,13,16.5,20.3,23.2,45.4,70.7,teamrankings,2026-04-15,2026-03-16T04:05:29.883Z
2025-26,2025,Queens Royals,queens-university-of-charlotte-royals,116.1,113.8,56.6,54,12.9,13,28.6,26.8,46.8,73.1,teamrankings,2026-04-15,2026-03-16T04:05:29.883Z
2025-26,2025,Quinnipiac Bobcats,quinnipiac-bobcats,103.7,101.6,48.2,48.9,13.5,15,33,25.3,33.7,71.5,teamrankings,2026-04-15,2026-03-16T04:05:29.883Z
2025-26,2025,Radford Highlanders,radford-highlanders,105.3,106.6,51.3,53,14.8,16,26.5,30.1,45.4,75.8,teamrankings,2026-04-15,2026-03-16T04:05:29.883Z
2025-26,2025,Rhode Island Rams,rhode-island-rams,102.4,99.9,50.1,50.4,16.5,18.3,29.5,27.1,43.5,68.2,teamrankings,2026-04-15,2026-03-16T04:05:29.883Z
2025-26,2025,Rice Owls,rice-owls,102.2,109,48.5,51,14.8,13.3,33.6,24.8,44.1,70.4,teamrankings,2026-04-15,2026-03-16T04:05:29.883Z
2025-26,2025,Richmond Spiders,richmond-spiders,109.2,106.4,52.6,52,12.8,15.4,22.9,26.9,42.6,70.1,teamrankings,2026-04-15,2026-03-16T04:05:29.883Z
2025-26,2025,Rider Broncs,rider-broncs,93.2,114.3,42.8,55.2,14.3,13.1,30.9,22.7,27.5,67.2,teamrankings,2026-04-15,2026-03-16T04:05:29.883Z
2025-26,2025,Robert Morris Colonials,robert-morris-colonials,111.7,106.8,54.9,50,15.7,13.8,36.7,20.8,40.7,68.7,teamrankings,2026-04-15,2026-03-16T04:05:29.883Z
2025-26,2025,Rutgers Scarlet Knights,rutgers-scarlet-knights,102.3,108.9,47.5,53,13,14.8,28.3,26.7,34.6,69,teamrankings,2026-04-15,2026-03-16T04:05:29.883Z
2025-26,2025,Sacramento State Hornets,sacramento-state-hornets,102.6,113,47,55,12.4,14.8,23.9,30.1,35.6,74,teamrankings,2026-04-15,2026-03-16T04:05:29.883Z
2025-26,2025,Sacred Heart Pioneers,sacred-heart-pioneers,106,110.6,52,53.5,15.4,12.5,26.6,22.9,50.7,70.1,teamrankings,2026-04-15,2026-03-16T04:05:29.883Z
2025-26,2025,Saint Joseph's Hawks,saint-josephs-hawks,103,100.6,49.3,47.6,14.4,12.9,29.9,22.7,45.3,69.9,teamrankings,2026-04-15,2026-03-16T04:05:29.883Z
2025-26,2025,Saint Louis Billikens,saint-louis-billikens,117.7,96.3,59.7,44.8,15.3,14,29.3,25.2,45.1,73.4,teamrankings,2026-04-15,2026-03-16T04:05:29.883Z
2025-26,2025,Saint Mary's Gaels,saint-marys-gaels,114.3,96.1,52.9,46.7,13.8,13.4,36.5,26.1,36.1,67.9,teamrankings,2026-04-15,2026-03-16T04:05:29.883Z
2025-26,2025,Saint Peter's Peacocks,saint-peters-peacocks,102.3,102.1,46.4,48.1,14.6,17,35.9,25.9,38.7,67.7,teamrankings,2026-04-15,2026-03-16T04:05:29.883Z
2025-26,2025,Sam Houston Bearkats,sam-houston-st-bearkats,110.2,104.7,52.4,51,14.1,14.2,33.1,25.6,36,72.5,teamrankings,2026-04-15,2026-03-16T04:05:29.883Z
2025-26,2025,Samford Bulldogs,samford-bulldogs,109.8,108.6,53.1,51.9,11.9,11.4,22.4,30.9,45.7,70.9,teamrankings,2026-04-15,2026-03-16T04:05:29.883Z
2025-26,2025,San Diego State Aztecs,san-diego-st-aztecs,106.7,99.1,52.7,48.2,15.1,17.5,28.3,27.8,33.8,72,teamrankings,2026-04-15,2026-03-16T04:05:29.883Z
2025-26,2025,San Diego Toreros,san-diego-toreros,102.6,111.1,51.2,54.7,15.4,16.3,25.9,19.4,43.7,70.9,teamrankings,2026-04-15,2026-03-16T04:05:29.883Z
2025-26,2025,San Francisco Dons,san-francisco-dons,106.8,106.6,51.2,50.8,13.6,12.3,29.8,29,46.1,69.2,teamrankings,2026-04-15,2026-03-16T04:05:29.883Z
2025-26,2025,San Jose State Spartans,san-jose-st-spartans,105,117.5,49.7,57.1,13.1,15,27.4,25.1,38.3,67.4,teamrankings,2026-04-15,2026-03-16T04:05:29.883Z
2025-26,2025,Santa Clara Broncos,santa-clara-broncos,116.4,102.6,54.6,51.8,13.2,17.4,35,20.2,45,71.2,teamrankings,2026-04-15,2026-03-16T04:05:29.883Z
2025-26,2025,Seattle Redhawks,seattle-redhawks,98.9,96.5,49.4,48.3,15,18.4,22.9,25.1,39,70.5,teamrankings,2026-04-15,2026-03-16T04:05:29.883Z
2025-26,2025,Seton Hall Pirates,seton-hall-pirates,102.9,95.6,47.6,47.3,14,18.4,33.5,26,26.8,68.3,teamrankings,2026-04-15,2026-03-16T04:05:29.883Z
2025-26,2025,Siena Saints,siena-saints,107.1,99.7,50.6,48.6,13.8,14.8,30.3,25.4,31.9,65.9,teamrankings,2026-04-15,2026-03-16T04:05:29.883Z
2025-26,2025,SIU Edwardsville Cougars,siu-edwardsville-cougars,99.4,96.8,49.5,45.6,15.5,14.5,28,22.6,36.2,68.1,teamrankings,2026-04-15,2026-03-16T04:05:29.883Z
2025-26,2025,SMU Mustangs,southern-methodist-mustangs,114.8,105.8,55.7,51.4,13.5,14.8,32.8,23,36,73.4,teamrankings,2026-04-15,2026-03-16T04:05:29.883Z
2025-26,2025,South Alabama Jaguars,south-alabama-jaguars,106.7,103.3,52.7,50,11.7,15.5,22,29,36.6,68.8,teamrankings,2026-04-15,2026-03-16T04:05:29.883Z
2025-26,2025,South Carolina Gamecocks,south-carolina-gamecocks,106.7,108.9,50.3,51.6,12.8,12.6,25.1,27.3,44.4,70.2,teamrankings,2026-04-15,2026-03-16T04:05:29.883Z
2025-26,2025,South Carolina State Bulldogs,south-carolina-state-bulldogs,93.9,112.3,46.8,53.9,18,16,29.3,28.3,33.3,71.8,teamrankings,2026-04-15,2026-03-16T04:05:29.883Z
2025-26,2025,South Carolina Upstate Spartans,south-carolina-upstate-spartans,98.2,104.7,48.3,51,15.8,14.1,26,24.1,35.6,72.3,teamrankings,2026-04-15,2026-03-16T04:05:29.883Z
2025-26,2025,South Dakota Coyotes,south-dakota-coyotes,105.2,110.3,49.9,54.5,14.6,13.9,26.2,32,35.9,74.1,teamrankings,2026-04-15,2026-03-16T04:05:29.883Z
2025-26,2025,South Dakota State Jackrabbits,south-dakota-state-jackrabbits,106.8,107,52,51.8,14,12.8,28.2,22.4,38.8,69.6,teamrankings,2026-04-15,2026-03-16T04:05:29.883Z
2025-26,2025,South Florida Bulls,south-florida-bulls,112.8,99,50.9,48.4,12.6,16.1,35.6,30.2,43.8,77.1,teamrankings,2026-04-15,2026-03-16T04:05:29.883Z
2025-26,2025,Southeast Missouri State Redhawks,se-missouri-st-redhawks,102.9,101.5,49.8,48.8,14.7,16,28.3,28,36,71.2,teamrankings,2026-04-15,2026-03-16T04:05:29.883Z
2025-26,2025,Southeastern Louisiana Lions,southeastern-louisiana-lions,96.3,105.9,46.7,52.4,16,16.6,26.9,28.5,39.5,67.3,teamrankings,2026-04-15,2026-03-16T04:05:29.883Z
2025-26,2025,Southern Illinois Salukis,southern-illinois-salukis,100.4,97.3,49.2,49,14.7,16.3,29.6,23.2,29.2,72.4,teamrankings,2026-04-15,2026-03-16T04:05:29.883Z
2025-26,2025,Southern Indiana Screaming Eagles,southern-indiana-screaming-eagles,94,104.2,43.7,49.4,14.5,13.9,28.6,27.2,39.7,71.3,teamrankings,2026-04-15,2026-03-16T04:05:29.883Z
2025-26,2025,Southern Jaguars,southern-jaguars,103.3,108.8,49.1,53.2,14.3,16.2,29.5,28.8,32.2,73.7,teamrankings,2026-04-15,2026-03-16T04:05:29.883Z
2025-26,2025,Southern Miss Golden Eagles,southern-miss-golden-eagles,103.2,104.4,49,51.4,15.8,15.5,30.8,30.2,28.7,71.7,teamrankings,2026-04-15,2026-03-16T04:05:29.883Z
2025-26,2025,Southern Utah Thunderbirds,southern-utah-thunderbirds,99.2,111.5,50.7,53.2,17.8,12.6,26.4,23.5,35.5,72.9,teamrankings,2026-04-15,2026-03-16T04:05:29.883Z
2025-26,2025,St. Bonaventure Bonnies,st-bonaventure-bonnies,109.2,108.1,52.4,53.3,14.4,14.9,32,22.5,31.3,69.8,teamrankings,2026-04-15,2026-03-16T04:05:29.883Z
2025-26,2025,St. Francis (PA) Red Flash,st-francis-pa-red-flash,97.5,115.6,48.9,58.9,16.2,16,24.9,22.6,37.8,71.8,teamrankings,2026-04-15,2026-03-16T04:05:29.883Z
2025-26,2025,St. John's Red Storm,st-johns-red-storm,111,95.2,51,47.4,12.4,16.8,33.5,30.5,33.8,73.5,teamrankings,2026-04-15,2026-03-16T04:05:29.883Z
2025-26,2025,St. Thomas Tommies,st-thomas-mn-tommies,115.1,103.1,59.4,50.9,12.6,15.1,19.9,25.8,46.5,71.1,teamrankings,2026-04-15,2026-03-16T04:05:29.883Z
2025-26,2025,Stanford Cardinal,stanford-cardinal,109.2,104.5,51.7,51.2,13.4,16,30,26.5,44.2,69.6,teamrankings,2026-04-15,2026-03-16T04:05:29.883Z
2025-26,2025,Stephen F. Austin Lumberjacks,stephen-f-austin-lumberjacks,109.7,97,51.7,47.9,12,15.4,31.7,23.4,39.6,68,teamrankings,2026-04-15,2026-03-16T04:05:29.883Z
2025-26,2025,Stetson Hatters,stetson-hatters,103.6,115.1,53.1,55.2,16,13.1,24.8,23.5,44.7,69.4,teamrankings,2026-04-15,2026-03-16T04:05:29.883Z
2025-26,2025,Stonehill Skyhawks,stonehill-skyhawks,92.7,100.3,46.9,47.8,16.9,11.7,25.9,20.1,40.5,69.3,teamrankings,2026-04-15,2026-03-16T04:05:29.883Z
2025-26,2025,Stony Brook Seawolves,stony-brook-seawolves,101.8,104.4,50.2,50.7,14.6,14.7,24.6,21.5,45.8,69.5,teamrankings,2026-04-15,2026-03-16T04:05:29.883Z
2025-26,2025,Syracuse Orange,syracuse-orange,105.5,104.5,52.6,50.3,13.9,14.8,26.2,25.9,37.2,71.1,teamrankings,2026-04-15,2026-03-16T04:05:29.883Z
2025-26,2025,Tarleton State Texans,tarleton-state-texans,99.3,103.8,48.3,53.6,17.5,20.1,28.3,29.1,24.2,73,teamrankings,2026-04-15,2026-03-16T04:05:29.883Z
2025-26,2025,TCU Horned Frogs,texas-christian-horned-frogs,108.3,99.6,50.9,51,13.2,17.2,32.3,28.4,36.9,72.3,teamrankings,2026-04-15,2026-03-16T04:05:29.883Z
2025-26,2025,Temple Owls,temple-owls,107.6,104.9,50.2,50.7,11.9,13.5,26.2,30,35.7,67.9,teamrankings,2026-04-15,2026-03-16T04:05:29.883Z
2025-26,2025,Tennessee State Tigers,tennessee-st-tigers,107.2,101.5,50.1,51.2,14,17.5,32.3,24.9,30.7,72.8,teamrankings,2026-04-15,2026-03-16T04:05:29.883Z
2025-26,2025,Tennessee Tech Golden Eagles,tennessee-tech-golden-eagles,100.8,108.5,48.9,51.5,16.6,13,28.6,25.4,36.5,69.7,teamrankings,2026-04-15,2026-03-16T04:05:29.883Z
2025-26,2025,Tennessee Volunteers,tennessee-volunteers,113.7,99.2,51.6,47.7,13.8,14.2,44.7,28.1,31.7,69.9,teamrankings,2026-04-15,2026-03-16T04:05:29.883Z
2025-26,2025,Texas A&M Aggies,texas-am-aggies,115.5,104.7,54.2,50.8,12.6,15.6,29.8,28,46.3,76,teamrankings,2026-04-15,2026-03-16T04:05:29.883Z
2025-26,2025,Texas A&M-Corpus Christi Islanders,texas-am-cc-islanders,99.7,101,49.5,50.1,16.7,16.6,28.2,28.7,31.4,68.7,teamrankings,2026-04-15,2026-03-16T04:05:29.883Z
2025-26,2025,Texas Longhorns,texas-longhorns,116.8,108.5,54.2,51.2,13,11.8,34.3,32.9,36.2,70.8,teamrankings,2026-04-15,2026-03-16T04:05:29.883Z
2025-26,2025,Texas Southern Tigers,texas-southern-tigers,100.8,109,49.7,52.5,16.2,14.3,27.3,27.1,32.5,73.3,teamrankings,2026-04-15,2026-03-16T04:05:29.883Z
2025-26,2025,Texas State Bobcats,texas-state-bobcats,102.8,103.7,50,52,16.1,16.3,32.1,24.5,24.6,69.9,teamrankings,2026-04-15,2026-03-16T04:05:29.883Z
2025-26,2025,Texas Tech Red Raiders,texas-tech-red-raiders,115.4,104.3,56.2,49.4,13.6,12.7,32.3,20.7,48,69.7,teamrankings,2026-04-15,2026-03-16T04:05:29.883Z
2025-26,2025,The Citadel Bulldogs,the-citadel-bulldogs,100.9,116.5,49.5,57.5,14.2,12.8,26,22.7,47.8,67.7,teamrankings,2026-04-15,2026-03-16T04:05:29.883Z
2025-26,2025,Toledo Rockets,toledo-rockets,112.4,109.1,54.5,54.4,12.9,15.2,27.1,23.2,32.5,71,teamrankings,2026-04-15,2026-03-16T04:05:29.883Z
2025-26,2025,Towson Tigers,towson-tigers,101.8,100.8,46.5,48.5,13.2,13,34.8,23.2,34.9,65.9,teamrankings,2026-04-15,2026-03-16T04:05:29.883Z
2025-26,2025,Troy Trojans,troy-trojans,109.2,103.9,51.9,50.1,14.4,14.5,33,26.5,45.6,71.7,teamrankings,2026-04-15,2026-03-16T04:05:29.883Z
2025-26,2025,Tulane Green Wave,tulane-green-wave,102.1,107.3,49.4,50.7,13.8,14.5,19.2,31,45,70.5,teamrankings,2026-04-15,2026-03-16T04:05:29.883Z
2025-26,2025,Tulsa Golden Hurricane,tulsa-golden-hurricane,118.1,103.6,56.5,49.9,13.3,13.5,29.1,29.8,46.5,71.4,teamrankings,2026-04-15,2026-03-16T04:05:29.883Z
2025-26,2025,UAB Blazers,uab-blazers,106.9,101.6,48.4,50,10.7,14.1,30.1,27.8,30.5,73.2,teamrankings,2026-04-15,2026-03-16T04:05:29.883Z
2025-26,2025,UC Davis Aggies,uc-davis-aggies,103.6,103.5,51.8,51.7,16,17.2,22.5,28.6,43.5,73.4,teamrankings,2026-04-15,2026-03-16T04:05:29.883Z
2025-26,2025,UC Irvine Anteaters,uc-irvine-anteaters,101.3,94.4,49.7,45.4,15.4,15.7,29.1,25.9,28.2,73.4,teamrankings,2026-04-15,2026-03-16T04:05:29.883Z
2025-26,2025,UC Riverside Highlanders,uc-riverside-highlanders,98.7,109,48.9,52.7,16.7,13.5,25.8,25,38.3,72.6,teamrankings,2026-04-15,2026-03-16T04:05:29.883Z
2025-26,2025,UC San Diego Tritons,uc-san-diego-tritons,104.4,98.8,52.6,48.4,14.6,14.7,23.8,23.2,42.3,71.3,teamrankings,2026-04-15,2026-03-16T04:05:29.883Z
2025-26,2025,UC Santa Barbara Gauchos,uc-santa-barbara-gauchos,110.1,105.8,54.7,52.6,16.3,15,29.8,26.2,44.1,69.7,teamrankings,2026-04-15,2026-03-16T04:05:29.883Z
2025-26,2025,UCF Knights,central-florida-knights,111.3,107.8,52.8,52.4,13.4,13.8,32.7,23.3,34.4,72.8,teamrankings,2026-04-15,2026-03-16T04:05:29.883Z
2025-26,2025,UCLA Bruins,ucla-bruins,114.4,104.5,53.9,50.4,11.6,15.6,28.9,25.3,35.9,68,teamrankings,2026-04-15,2026-03-16T04:05:29.883Z
2025-26,2025,UL Monroe Warhawks,ul-monroe-warhawks,98.3,117,47.8,57.1,15,13.3,22.1,28,41.9,72.9,teamrankings,2026-04-15,2026-03-16T04:05:29.883Z
2025-26,2025,UMass Lowell River Hawks,massachusetts-lowell-river-hawks,101.6,109.7,49.8,53.5,15.4,12.4,30.4,25.4,31.3,70.6,teamrankings,2026-04-15,2026-03-16T04:05:29.883Z
2025-26,2025,UMBC Retrievers,umbc-retrievers,110.5,99.5,53.9,49.2,12.6,13.4,22.8,25.4,38.8,68.3,teamrankings,2026-04-15,2026-03-16T04:05:29.883Z
2025-26,2025,UNC Asheville Bulldogs,unc-asheville-bulldogs,103.5,106.8,51,51.3,15.1,13.4,28.2,28.5,33.6,69.5,teamrankings,2026-04-15,2026-03-16T04:05:29.883Z
2025-26,2025,UNC Greensboro Spartans,unc-greensboro-spartans,108.2,115.6,52,56.2,13.2,11.9,25.4,30.6,40.2,70.8,teamrankings,2026-04-15,2026-03-16T04:05:29.883Z
2025-26,2025,UNC Wilmington Seahawks,unc-wilmington-seahawks,110.7,99.6,50.9,47.2,12.5,13.1,34.5,30.3,38.9,68,teamrankings,2026-04-15,2026-03-16T04:05:29.883Z
2025-26,2025,UNLV Rebels,unlv-rebels,108.3,109,53.3,52.6,14.7,15.1,30.1,29.6,35.9,73,teamrankings,2026-04-15,2026-03-16T04:05:29.883Z
2025-26,2025,USC Trojans,southern-california-trojans,105,105.8,50.4,49.7,15.1,14.1,30.4,31,34.1,74.1,teamrankings,2026-04-15,2026-03-16T04:05:29.883Z
2025-26,2025,UT Arlington Mavericks,texas-arlington-mavericks,97.9,97.9,47.2,47.4,17.6,15.7,33.1,29,30.7,69.2,teamrankings,2026-04-15,2026-03-16T04:05:29.883Z
2025-26,2025,UT Martin Skyhawks,tenn-martin-skyhawks,100,95.4,48.7,46.1,17.8,17,35.7,26,47.1,67.9,teamrankings,2026-04-15,2026-03-16T04:05:29.883Z
2025-26,2025,UT Rio Grande Valley Vaqueros,texas-rio-grande-valley-vaqueros,106.5,102,54.8,47.8,16.2,13.9,26,21.1,43.7,69.2,teamrankings,2026-04-15,2026-03-16T04:05:29.883Z
2025-26,2025,Utah State Aggies,utah-st-aggies,116,100.6,56.6,49.6,13.3,17.7,31.1,28.3,40.7,70.4,teamrankings,2026-04-15,2026-03-16T04:05:29.883Z
2025-26,2025,Utah Tech Trailblazers,utah-tech-trailblazers,104.9,108.1,53.3,50.9,15.5,14.4,26.5,22.4,38.2,71.3,teamrankings,2026-04-15,2026-03-16T04:05:29.883Z
2025-26,2025,Utah Utes,utah-utes,105.8,112.6,52,53.9,14.6,11.5,26.5,23.6,37.5,70.3,teamrankings,2026-04-15,2026-03-16T04:05:29.883Z
2025-26,2025,Utah Valley Wolverines,utah-valley-wolverines,107.7,97.8,55.1,49,17.3,18.4,32.5,26.7,32.7,72.1,teamrankings,2026-04-15,2026-03-16T04:05:29.883Z
2025-26,2025,UTEP Miners,texas-el-paso-miners,97.8,107,48.3,51.5,15.3,15.4,24.5,24.4,40.3,67.9,teamrankings,2026-04-15,2026-03-16T04:05:29.883Z
2025-26,2025,UTSA Roadrunners,texas-san-antonio-roadrunners,94,115.8,44.8,53.3,14.9,12.1,27.2,22.1,41.3,71.6,teamrankings,2026-04-15,2026-03-16T04:05:29.883Z
2025-26,2025,Valparaiso Beacons,valparaiso-beacons,102.5,103.5,47.6,50.5,13.3,14.7,30.3,28.5,36.8,69.5,teamrankings,2026-04-15,2026-03-16T04:05:29.883Z
2025-26,2025,Vanderbilt Commodores,vanderbilt-commodores,118,102.8,55.3,48.8,11.6,15.5,29,28.5,43.6,73.2,teamrankings,2026-04-15,2026-03-16T04:05:29.883Z
2025-26,2025,VCU Rams,vcu-rams,114.6,100.4,54.1,48.9,13,15,31.3,31.4,43.8,71.2,teamrankings,2026-04-15,2026-03-16T04:05:29.883Z
2025-26,2025,Vermont Catamounts,vermont-catamounts,108.5,103.4,53.1,50.4,12.7,13.2,24.3,23.6,44.6,66.5,teamrankings,2026-04-15,2026-03-16T04:05:29.883Z
2025-26,2025,Villanova Wildcats,villanova-wildcats,111.7,102.4,53.7,51.3,12.9,16.1,30,23.8,45.7,69.1,teamrankings,2026-04-15,2026-03-16T04:05:29.883Z
2025-26,2025,Virginia Cavaliers,virginia-cavaliers,115.9,98.3,54.6,45.3,13.3,13.4,37,24.7,46.5,69.6,teamrankings,2026-04-15,2026-03-16T04:05:29.883Z
2025-26,2025,Virginia Tech Hokies,virginia-tech-hokies,110.4,104.9,52.2,50.8,12.9,14.8,30.6,25.5,39.7,71.4,teamrankings,2026-04-15,2026-03-16T04:05:29.883Z
2025-26,2025,VMI Keydets,vmi-keydets,98.7,119.9,47.6,57,13.4,13.2,23.4,23.1,53.6,69.4,teamrankings,2026-04-15,2026-03-16T04:05:29.883Z
2025-26,2025,Wagner Seahawks,wagner-seahawks,102.1,106.7,49.6,50.4,15.9,12.9,30.5,23.6,36.2,68.1,teamrankings,2026-04-15,2026-03-16T04:05:29.883Z
2025-26,2025,Wake Forest Demon Deacons,wake-forest-demon-deacons,109.8,107.3,52.6,52,13.5,15.4,27.8,26,43.7,71.8,teamrankings,2026-04-15,2026-03-16T04:05:29.883Z
2025-26,2025,Washington Huskies,washington-huskies,109.7,104.7,51.2,50.2,13,12.6,33.1,22.8,34.6,70.3,teamrankings,2026-04-15,2026-03-16T04:05:29.883Z
2025-26,2025,Washington State Cougars,washington-st-cougars,107.2,109.5,54.7,52.6,16.2,12.8,27.2,22.1,44.8,70.5,teamrankings,2026-04-15,2026-03-16T04:05:29.883Z
2025-26,2025,Weber State Wildcats,weber-st-wildcats,109.1,109.4,51.7,54.5,13.6,14.3,29.9,28.6,32.8,72.3,teamrankings,2026-04-15,2026-03-16T04:05:29.883Z
2025-26,2025,West Georgia Wolves,west-georgia-wolves,103.3,110.3,49.6,53.4,13.6,12.9,29.3,22.1,33,73,teamrankings,2026-04-15,2026-03-16T04:05:29.883Z
2025-26,2025,West Virginia Mountaineers,west-virginia-mountaineers,104.4,97.7,51.1,48.3,15.1,15.7,29.5,25.8,42.9,66.3,teamrankings,2026-04-15,2026-03-16T04:05:29.883Z
2025-26,2025,Western Carolina Catamounts,western-carolina-catamounts,107.4,111.2,50.4,54.9,14.1,12.8,33.3,23.6,40.9,71.1,teamrankings,2026-04-15,2026-03-16T04:05:29.883Z
2025-26,2025,Western Illinois Leathernecks,western-illinois-leathernecks,91.9,114.2,44.5,54.2,15.4,12.7,24.4,27.2,33.3,68.7,teamrankings,2026-04-15,2026-03-16T04:05:29.883Z
2025-26,2025,Western Kentucky Hilltoppers,western-kentucky-hilltoppers,105.7,104.4,47.5,51.2,12.3,15,29.5,30.3,39.4,73.7,teamrankings,2026-04-15,2026-03-16T04:05:29.883Z
2025-26,2025,Western Michigan Broncos,western-michigan-broncos,103.7,112.3,49.9,54.4,14.7,11.6,27.7,24.4,36.1,71.3,teamrankings,2026-04-15,2026-03-16T04:05:29.883Z
2025-26,2025,Wichita State Shockers,wichita-st-shockers,108.7,99.3,49.5,47.3,12.3,13.8,37.7,26.8,34.1,70.9,teamrankings,2026-04-15,2026-03-16T04:05:29.883Z
2025-26,2025,William & Mary Tribe,william--mary-tribe,108.8,105.2,54.3,51.9,14.8,16.4,23.9,30.9,42.8,75,teamrankings,2026-04-15,2026-03-16T04:05:29.883Z
2025-26,2025,Winthrop Eagles,winthrop-eagles,109.9,104.8,49.7,51.4,12.4,14.6,32.2,32,44.1,74.1,teamrankings,2026-04-15,2026-03-16T04:05:29.883Z
2025-26,2025,Wisconsin Badgers,wisconsin-badgers,116.3,106.3,54.5,51.3,11.2,12.7,27.3,24.7,52.6,71.4,teamrankings,2026-04-15,2026-03-16T04:05:29.883Z
2025-26,2025,Wofford Terriers,wofford-terriers,111.6,111.9,52.5,53.8,11.6,13.1,28.2,27.3,43.1,70.2,teamrankings,2026-04-15,2026-03-16T04:05:29.883Z
2025-26,2025,Wright State Raiders,wright-st-raiders,112.7,106.3,54.4,52.1,14.1,14.4,31.2,27.7,33.7,71,teamrankings,2026-04-15,2026-03-16T04:05:29.883Z
2025-26,2025,Wyoming Cowboys,wyoming-cowboys,110.9,105.8,52,52.2,13.9,14.7,33.2,26.3,43,68.9,teamrankings,2026-04-15,2026-03-16T04:05:29.883Z
2025-26,2025,Xavier Musketeers,xavier-musketeers,106.7,109.8,51.8,54.1,12.2,13.6,24.4,21.7,40.6,73.5,teamrankings,2026-04-15,2026-03-16T04:05:29.883Z
2025-26,2025,Yale Bulldogs,yale-bulldogs,118.5,105.8,56.1,52,12.1,14.3,31.5,26.5,36,68,teamrankings,2026-04-15,2026-03-16T04:05:29.883Z
2025-26,2025,Youngstown State Penguins,youngstown-st-penguins,106.8,106.5,53.7,52.3,16.4,15.6,28.7,22.8,49.5,70.4,teamrankings,2026-04-15,2026-03-16T04:05:29.883Z
